id,name
0,bismuth subcitrate
1,carbachol
2,ciclosporin
3,erythromycin ethyl succinate
4,fluphenazine decanoate
5,fluphenazine enanthate
6,haloperidol decanoate
7,levomepromazine
8,mercaptamine
9,methyldopate
10,metirosine
11,paliperidone palmitate
12,pecazine
13,Basiliximab
14,Trastuzumab
15,Rituximab
16,Ibritumomab tiuxetan
17,Insulin pork
18,Pancrelipase
19,Botulinum toxin type A
20,Alemtuzumab
21,Alglucerase
22,Pegvisomant
23,Daptomycin
24,pethidine
25,Choriogonadotropin alfa
26,Efalizumab
27,Filgrastim
28,talipexole
29,Alefacept
30,Felypressin
31,Laronidase
32,ergoloid mesylates
33,Folic acid
34,Cysteine
35,Thiamine
36,Tryptophan
37,Citrulline
38,Threonine
39,Ergocalciferol
40,medroxyprogesterone
41,oxymesterone
42,Vitamin E
43,testosterone enantate
44,Alanine
45,Valine
46,Isoleucine
47,Pyridoxine
48,Masoprocol
49,Adenine
50,Asparagine
51,Proline
52,Valsartan
53,Ramipril
54,Pravastatin
55,Fluvoxamine
56,Menadione
57,amfetamine
58,Nicotine
59,Cevimeline
60,Pentagastrin
61,Bortezomib
62,Ethchlorvynol
63,Lorazepam
64,Esmolol
65,Flunisolide
66,Baclofen
67,Cyanocobalamin
68,Pyridoxal phosphate
69,dexamfetamine
70,Histidine
71,Ademetionine
72,methamphetamine
73,Daclizumab
74,Bevacizumab
75,Palivizumab
76,secbutabarbital
77,Ascorbic acid
78,Arginine
79,Aspartic acid
80,Ornithine
81,Choline
82,Lysine
83,Phenylalanine
84,Biotin
85,Lutein
86,Cystine
87,Tyrosine
88,Calcitriol
89,Succinic acid
90,betamethasone acetate
91,Serine
92,Methionine
93,Adenosine phosphate
94,Creatine
95,Leucine
96,Calcifediol
97,Pyridoxal
98,Riboflavin
99,N-Acetylglucosamine
100,chlorphenamine
101,Glycine
102,Glutamic acid
103,Glutathione
104,choline fenofibrate
105,colistimethate sodium
106,Octreotide
107,Interferon alfa-2b
108,Becaplermin
109,Agalsidase beta
110,Natalizumab
111,Enfuvirtide
112,Abarelix
113,Oxytocin
114,dicycloverine
115,fludrocortisone acetate
116,flumethiazide
117,glycopyrronium bromide
118,methylhomatropine
119,methylthioninium chloride
120,sodium lactate
121,sulfafurazole
122,suxamethonium
123,triamcinolone acetonide
124,triamcinolone diacetate
125,clorazepate
126,diprophylline
127,sulfiram
128,Oprelvekin
129,Palifermin
130,betacarotene
131,Insulin human
132,Tenecteplase
133,Desmopressin
134,Rasburicase
135,Insulin glargine
136,Aldesleukin
137,Glucagon
138,Insulin lispro
139,Omalizumab
140,Lutropin alfa
141,Pegaspargase
142,copper sulfate
143,manganese chloride
144,Imiglucerase
145,trientine
146,Cetrorelix
147,retinol
148,Adalimumab
149,phenazone
150,Gemtuzumab ozogamicin
151,colecalciferol
152,iodinated glycerol
153,Abciximab
154,octodrine
155,beclometasone dipropionate
156,Eptifibatide
157,Pegademase
158,Vasopressin
159,Interferon beta-1b
160,Infliximab
161,Follitropin
162,Interferon beta-1a
163,mesna
164,Etanercept
165,Bivalirudin
166,Dornase alfa
167,Denileukin diftitox
168,Alteplase
169,Peginterferon alfa-2a
170,Lepirudin
171,Cetuximab
172,acetylmethadol
173,Goserelin
174,Reteplase
175,Pegfilgrastim
176,Darbepoetin alfa
177,Urokinase
178,Sermorelin
179,Anakinra
180,Sargramostim
181,Thyrotropin alfa
182,Peginterferon alfa-2b
183,hematoporphyrin
184,carboprost
185,abiraterone acetate
186,Oxacillin
187,Apomorphine
188,Diethylcarbamazine
189,Flurbiprofen
190,cefpodoxime proxetil
191,bromazine
192,paracetamol
193,phenylbutanoic acid
194,sulfadimidine
195,norethindrone acetate
196,crospovidone
197,glibenclamide
198,Tamsulosin
199,Naltrexone
200,Delavirdine
201,Sufentanil
202,Lamivudine
203,Icodextrin
204,Methazolamide
205,Eplerenone
206,androstanolone
207,Amprenavir
208,aminoacridine
209,pentaerythritol
210,isoxepac
211,thioctic acid
212,chenodiol
213,phenylpropanol
214,methylclothiazide
215,sulfadiazine silver
216,cefuroxime axetil
217,thioguanine
218,trometamol
219,dichlorphenamide
220,pamabrom
221,porfimer
222,sodium benzoate
223,taltirelin
224,alclometasone dipropionate
225,betamethasone benzoate
226,Nafcillin
227,Chloroquine
228,Sulindac
229,Cyclothiazide
230,Ethionamide
231,Monobenzone
232,Cisapride
233,Linezolid
234,Ivermectin
235,betamethasone dipropionate
236,Demeclocycline
237,Imatinib
238,Paramethadione
239,Metaraminol
240,Butorphanol
241,Furazolidone
242,Rifabutin
243,Bisoprolol
244,Amodiaquine
245,Guanabenz
246,Oxandrolone
247,Nicardipine
248,Triamcinolone
249,Efavirenz
250,Bacitracin
251,Fluphenazine
252,Testosterone
253,betamethasone valerate
254,calcipotriene
255,clocortolone pivalate
256,diflorasone diacetate
257,fludroxycortide
258,flumetasone
259,sulfur
260,taurursodiol
261,acetylpheneturide
262,amino(diphenylhydantoin) valeric acid
263,aminohydroxybutyric acid
264,chlortalidone
265,cyclomethycaine
266,fampridine
267,fludarabine phosphate
268,macrogol
269,salacetamide
270,prednisolone sodium phosphate
271,inotersen 
272,Benzyl benzoate
273,Galantamine
274,Tamoxifen
275,Losartan
276,Thioridazine
277,Chlorpropamide
278,Aprepitant
279,Pirenzepine
280,Cefixime
281,Mycophenolate mofetil
282,Trovafloxacin
283,Pentosan polysulfate
284,Midazolam
285,Tobramycin
286,Amphotericin B
287,Warfarin
288,Nitrofurantoin
289,Nicergoline
290,Ergotamine
291,Tizanidine
292,Flurazepam
293,Moexipril
294,Daunorubicin
295,Furosemide
296,Phentolamine
297,Fluorescein
298,Inulin
299,Butoconazole
300,Docosanol
301,Dexmedetomidine
302,Alendronic acid
303,Clofarabine
304,Clofibrate
305,Astemizole
306,Sulfacetamide
307,Prednisone
308,Stavudine
309,Mebendazole
310,Gonadorelin
311,Simvastatin
312,Pemetrexed
313,Dextropropoxyphene
314,Mitotane
315,Dyclonine
316,Nystatin
317,Adenosine
318,Latanoprost
319,Estrone
320,Pentazocine
321,Magnesium sulfate
322,Sevelamer
323,Acamprosate
324,Trazodone
325,Mecamylamine
326,Leucovorin
327,Nilutamide
328,Nafarelin
329,Sumatriptan
330,Epinephrine
331,Verapamil
332,Trimethobenzamide
333,Metaxalone
334,Triflupromazine
335,Dextrothyroxine
336,Nitazoxanide
337,Tolmetin
338,Cimetidine
339,Levallorphan
340,Tridihexethyl
341,Haloperidol
342,Ritonavir
343,Thiopental
344,Gadoteridol
345,Labetalol
346,Fluocinolone acetonide
347,Piperazine
348,Doxazosin
349,Oxytetracycline
350,Ethosuximide
351,Amiloride
352,Lamotrigine
353,Perflutren
354,Methoxsalen
355,Piroxicam
356,Bosentan
357,Hydroxyzine
358,Zanamivir
359,Acetohydroxamic acid
360,Pentostatin
361,Propylthiouracil
362,Succimer
363,Carbamazepine
364,Cisatracurium
365,Cinnarizine
366,Fondaparinux
367,Benzthiazide
368,Methotrexate
369,Tigecycline
370,Doxapram
371,Valaciclovir
372,Carbenicillin
373,Clonidine
374,Sulfamethizole
375,Mazindol
376,Vinblastine
377,Fenoprofen
378,Fenfluramine
379,Propranolol
380,Atropine
381,Fluticasone propionate
382,Lisuride
383,Diclofenac
384,Cinalukast
385,Valdecoxib
386,Lactulose
387,Enalapril
388,Nizatidine
389,Voriconazole
390,Levocarnitine
391,Trandolapril
392,Albendazole
393,Acetyldigitoxin
394,Vancomycin
395,Cisplatin
396,Bentoquatam
397,Aminocaproic acid
398,Dextromethorphan
399,Lercanidipine
400,Foscarnet
401,Bentiromide
402,Alitretinoin
403,Caspofungin
404,Carteolol
405,Oxaliplatin
406,Cinchocaine
407,Metolazone
408,Tolnaftate
409,Toremifene
410,Rofecoxib
411,Chlormerodrin
412,Cyclophosphamide
413,Mephenytoin
414,Ciprofloxacin
415,Gadoversetamide
416,Cefdinir
417,Guanidine
418,Erlotinib
419,Fluorouracil
420,Pyridostigmine
421,Benazepril
422,Amoxapine
423,Azelaic acid
424,Zafirlukast
425,Adinazolam
426,Desoximetasone
427,Nortriptyline
428,Vincristine
429,Rimantadine
430,Amikacin
431,Duloxetine
432,Chlorpromazine
433,Dronabinol
434,Montelukast
435,Methohexital
436,Chlordiazepoxide
437,Fluoxetine
438,Hexylcaine
439,Sotalol
440,Pefloxacin
441,Altretamine
442,Raloxifene
443,Celecoxib
444,Lenalidomide
445,Dicloxacillin
446,Nabilone
447,Brimonidine
448,Phenindione
449,Flutamide
450,Fosinopril
451,Cefotaxime
452,Buspirone
453,Miglitol
454,Darifenacin
455,Oxycodone
456,Entacapone
457,Zidovudine
458,Cyproheptadine
459,Nitric Oxide
460,Trifluridine
461,Prochlorperazine
462,Ceftazidime
463,Cerivastatin
464,Bendroflumethiazide
465,Allopurinol
466,Cefpiramide
467,Lindane
468,Epirubicin
469,Chloramphenicol
470,Betamethasone
471,Teniposide
472,Loracarbef
473,Lansoprazole
474,Gemcitabine
475,Entecavir
476,Trimethoprim
477,Cefalotin
478,Prazosin
479,Loratadine
480,Imipramine
481,Acitretin
482,Framycetin
483,Clomocycline
484,Droperidol
485,Levothyroxine
486,Enoxacin
487,Quinine
488,Ketorolac
489,Picrotoxin
490,Tenoxicam
491,Verteporfin
492,Metharbital
493,Sodium tetradecyl sulfate
494,Nabumetone
495,Remoxipride
496,Loxapine
497,Nisoldipine
498,Eszopiclone
499,Griseofulvin
500,Dexbrompheniramine
501,Ceruletide
502,Alprazolam
503,Secobarbital
504,Miglustat
505,Rosiglitazone
506,Pramipexole
507,Mupirocin
508,Phenoxymethylpenicillin
509,Acetohexamide
510,Ampicillin
511,Methocarbamol
512,Hyoscyamine
513,Spironolactone
514,Methylphenidate
515,Triprolidine
516,Streptozocin
517,Zolpidem
518,Famciclovir
519,Promazine
520,Zoledronic acid
521,Nimodipine
522,Sulpiride
523,Profenamine
524,Phenylpropanolamine
525,Sorafenib
526,Carisoprodol
527,Progesterone
528,Digoxin
529,Aminoglutethimide
530,Mefloquine
531,Aztreonam
532,Chlorzoxazone
533,Sulfadiazine
534,Minoxidil
535,Methylergometrine
536,Buclizine
537,Megestrol acetate
538,Norepinephrine
539,Cidofovir
540,Doxylamine
541,Levonorgestrel
542,Sapropterin
543,Vinorelbine
544,Sucralfate
545,Grepafloxacin
546,Anidulafungin
547,Clozapine
548,Mexiletine
549,Palonosetron
550,Dydrogesterone
551,Meprobamate
552,Thiethylperazine
553,Mirtazapine
554,Colestipol
555,Trihexyphenidyl
556,Timolol
557,Treprostinil
558,Phenylephrine
559,Carbimazole
560,Tacrine
561,Oxyphencyclimine
562,Dexrazoxane
563,Amlodipine
564,Procyclidine
565,Triamterene
566,Valrubicin
567,Piperacillin
568,Valproic acid
569,Capreomycin
570,Ethoxzolamide
571,Pentobarbital
572,Gefitinib
573,Codeine
574,Zolmitriptan
575,Fluorometholone
576,Nitroprusside
577,Floxuridine
578,Tolcapone
579,Indomethacin
580,Calcium glucoheptonate
581,Hydromorphone
582,Dihydroergotamine
583,Amitriptyline
584,Atenolol
585,Methadone
586,Olanzapine
587,Pyrazinamide
588,Pimecrolimus
589,Omeprazole
590,Metformin
591,Ipratropium
592,Ethambutol
593,Alfuzosin
594,Trimethadione
595,Protriptyline
596,Aminohippuric acid
597,Nitisinone
598,Clobazam
599,Terfenadine
600,Diltiazem
601,Metixene
602,Cetirizine
603,Ibutilide
604,Vindesine
605,Tranexamic acid
606,Ertapenem
607,Tenofovir disoproxil
608,Talbutal
609,Bexarotene
610,Desogestrel
611,Mitomycin
612,Betaxolol
613,Fluconazole
614,Tramadol
615,Vidarabine
616,Erythromycin
617,Troglitazone
618,Oseltamivir
619,Phentermine
620,Indecainide
621,Carbidopa
622,Argatroban
623,Liothyronine
624,Betazole
625,Topiramate
626,Isradipine
627,Diatrizoate
628,Amsacrine
629,Theophylline
630,Cefmetazole
631,Atomoxetine
632,Clemastine
633,Acarbose
634,Lidocaine
635,Pamidronic acid
636,Travoprost
637,Amcinonide
638,Venlafaxine
639,Conjugated estrogens
640,Disopyramide
641,Etonogestrel
642,Morphine
643,Etomidate
644,Raltitrexed
645,Dapiprazole
646,Penciclovir
647,Ropivacaine
648,Bupivacaine
649,Bleomycin
650,Chlorambucil
651,Pipobroman
652,Reboxetine
653,Milrinone
654,Nevirapine
655,Oxiconazole
656,Aminosalicylic acid
657,Pregabalin
658,Temazepam
659,Methysergide
660,Cabergoline
661,Benzatropine
662,Ziprasidone
663,Idoxuridine
664,Ranolazine
665,Mesalazine
666,Butalbital
667,Cladribine
668,Calcium acetate
669,Sulfanilamide
670,Lymecycline
671,Clotrimazole
672,Dapsone
673,Terconazole
674,Doxycycline
675,Diethylstilbestrol
676,Phenytoin
677,Medrysone
678,Chlorotrianisene
679,Cefmenoxime
680,Ropinirole
681,Anagrelide
682,Carmustine
683,Cycloserine
684,Crotamiton
685,Dicoumarol
686,Metoprolol
687,Trospium
688,Sildenafil
689,Dofetilide
690,Caffeine
691,Azithromycin
692,Ticlopidine
693,Pyrimethamine
694,Reserpine
695,Hydroxocobalamin
696,Citalopram
697,Remikiren
698,Pantoprazole
699,Moxifloxacin
700,Oxyphenonium
701,Eletriptan
702,Adapalene
703,Midodrine
704,Gadodiamide
705,Guanadrel
706,Indinavir
707,Cefotiam
708,Lovastatin
709,Enflurane
710,Glimepiride
711,Nelfinavir
712,Methylprednisolone
713,Norgestimate
714,Carboplatin
715,Isoniazid
716,Naratriptan
717,Fexofenadine
718,Netilmicin
719,Hydrocodone
720,Rizatriptan
721,Dirithromycin
722,Methyldopa
723,Alosetron
724,Zaleplon
725,Bromfenac
726,Pindolol
727,Mepivacaine
728,Telmisartan
729,Desloratadine
730,Apraclonidine
731,Cyclopentolate
732,Ezetimibe
733,Edetic acid
734,Selenium Sulfide
735,Azelastine
736,Ethinylestradiol
737,Lomefloxacin
738,Dipyridamole
739,Telithromycin
740,Dactinomycin
741,Nandrolone phenpropionate
742,Dimenhydrinate
743,Isotretinoin
744,Formoterol
745,Dopamine
746,Rivastigmine
747,Cytarabine
748,Ramelteon
749,Physostigmine
750,Amantadine
751,Metronidazole
752,Anileridine
753,Phenformin
754,Spectinomycin
755,Dinoprostone
756,Almotriptan
757,Tinidazole
758,Repaglinide
759,Paricalcitol
760,Etretinate
761,Famotidine
762,Cyclobenzaprine
763,Phenoxybenzamine
764,Azacitidine
765,Misoprostol
766,Levosimendan
767,Ceforanide
768,Ketotifen
769,Buprenorphine
770,Diethylpropion
771,Salmeterol
772,Oxymetazoline
773,Salicylic acid
774,Meclofenamic acid
775,Colesevelam
776,Mesoridazine
777,Maprotiline
778,Metacycline
779,Tipranavir
780,Mezlocillin
781,Felbamate
782,Phenprocoumon
783,Fulvestrant
784,Hexafluronium
785,Demecarium
786,Acetylsalicylic acid
787,Cycrimine
788,Zalcitabine
789,Ondansetron
790,Bimatoprost
791,Methdilazine
792,Quinidine
793,Zonisamide
794,Tiagabine
795,Cocaine
796,Didanosine
797,Bitolterol
798,Neostigmine
799,Choline magnesium trisalicylate
800,Auranofin
801,Gabapentin
802,Azathioprine
803,Neomycin
804,Hydrochlorothiazide
805,Doxorubicin
806,Frovatriptan
807,Oxaprozin
808,Methyl aminolevulinate
809,Exemestane
810,Tolazamide
811,Loperamide
812,Progabide
813,Phenmetrazine
814,Trifluoperazine
815,Mifepristone
816,Brompheniramine
817,Phensuximide
818,Cefaclor
819,Methylphenobarbital
820,Levamisole
821,Dobutamine
822,Oxazepam
823,Clofazimine
824,Donepezil
825,Nalbuphine
826,Penicillamine
827,Pseudoephedrine
828,Temozolomide
829,Perphenazine
830,Dacarbazine
831,Terbinafine
832,Levorphanol
833,Aminolevulinic acid
834,Dorzolamide
835,Ranitidine
836,Tacrolimus
837,Diflunisal
838,Vardenafil
839,Ritodrine
840,Benzonatate
841,Benzphetamine
842,Alprenolol
843,Prednisolone
844,Minaprine
845,Pentoxifylline
846,Colistin
847,Tropicamide
848,Proparacaine
849,Indapamide
850,Halazepam
851,Alfentanil
852,Fenoldopam
853,Orciprenaline
854,Rosoxacin
855,Meloxicam
856,Sodium lauryl sulfate
857,Propofol
858,Acetazolamide
859,Phenylbutazone
860,Fentanyl
861,Biperiden
862,Ribavirin
863,Cinoxacin
864,Fosfomycin
865,Levomenthol
866,Natamycin
867,Diazepam
868,Tadalafil
869,Enprofylline
870,Carprofen
871,Disulfiram
872,Tetracosactide
873,Corticotropin
874,Carbetocin
875,Lumiracoxib
876,Fenoterol
877,Glisoxepide
878,Nelarabine
879,Abatacept
880,Loteprednol etabonate
881,Bevantolol
882,Glucosamine
883,Bismuth subsalicylate
884,Sulfadoxine
885,Practolol
886,Sulfacytine
887,Pirbuterol
888,Quinupristin
889,Rasagiline
890,Iohexol
891,Mephentermine
892,Procaterol
893,Ephedrine
894,Magnesium oxide
895,Glymidine
896,Mibefradil
897,Cortisone acetate
898,Colchicine
899,Drospirenone
900,Yohimbine
901,Bezafibrate
902,Salsalate
903,Digitoxin
904,Magnesium salicylate
905,Sodium bicarbonate
906,Quinethazone
907,Cefamandole
908,Polythiazide
909,Cefoperazone
910,Cefazolin
911,Cefonicid
912,Josamycin
913,Fosphenytoin
914,Pancuronium
915,Pipecuronium
916,Vecuronium
917,Ceftizoxime
918,Cefradine
919,Cefotetan
920,Cefoxitin
921,Spirapril
922,Tasosartan
923,Cilazapril
924,Penbutolol
925,Mestranol
926,Amobarbital
927,Hexobarbital
928,Aprobarbital
929,Butobarbital
930,Insulin glulisine
931,Rolitetracycline
932,Insulin detemir
933,Insulin aspart
934,Fosamprenavir
935,Guaifenesin
936,Flupentixol
937,Conivaptan
938,Chlorhexidine
939,Emtricitabine
940,Eprosartan
941,Sirolimus
942,Suprofen
943,Terbutaline
944,Pemirolast
945,Omapatrilat
946,Isosorbide dinitrate
947,Risedronic acid
948,Granisetron
949,Bumetanide
950,Mechlorethamine
951,Quinapril
952,Clomifene
953,Chlorothiazide
954,Rimexolone
955,Triazolam
956,Testolactone
957,Benzylpenicilloyl polylysine
958,Ethanol
959,Remifentanil
960,Oxybuprocaine
961,Iron Dextran
962,Dienestrol
963,Sulfapyridine
964,Norethisterone
965,Adefovir dipivoxil
966,Paroxetine
967,Nedocromil
968,Azatadine
969,Rocuronium
970,Trimipramine
971,Clodronic acid
972,Procaine
973,Imiquimod
974,Lisinopril
975,Methoxamine
976,Hetacillin
977,Pentamidine
978,Nateglinide
979,Thiabendazole
980,Naftifine
981,Esomeprazole
982,Pralidoxime
983,Risperidone
984,Carbinoxamine
985,Etodolac
986,Mannitol
987,Gadobenic acid
988,Riluzole
989,Hydrocortisone
990,Deferoxamine
991,Scopolamine
992,Zileuton
993,Modafinil
994,Arsenic trioxide
995,Calcium chloride
996,Chloroprocaine
997,Terazosin
998,Itraconazole
999,Procarbazine
1000,Ofloxacin
1001,Cilostazol
1002,Phenobarbital
1003,Escitalopram
1004,Kanamycin
1005,Orphenadrine
1006,Chlormezanone
1007,Cyclizine
1008,Idarubicin
1009,Guanethidine
1010,Moclobemide
1011,Fluoxymesterone
1012,Pergolide
1013,Naloxone
1014,Domperidone
1015,Desflurane
1016,Ciclopirox
1017,Ifosfamide
1018,Propafenone
1019,Rescinnamine
1020,Estramustine
1021,Captopril
1022,Brinzolamide
1023,Flecainide
1024,Zopiclone
1025,Tubocurarine
1026,Oxymorphone
1027,Acebutolol
1028,Clindamycin
1029,Dexfenfluramine
1030,Docetaxel
1031,Iodixanol
1032,Alimemazine
1033,Isocarboxazid
1034,Epoprostenol
1035,Gemfibrozil
1036,Bepridil
1037,Decamethonium
1038,Clomipramine
1039,Chloroxine
1040,Lapatinib
1041,Eculizumab
1042,Gliquidone
1043,Mitiglinide
1044,Olsalazine
1045,Lisdexamfetamine
1046,Retapamulin
1047,Ergometrine
1048,Dasatinib
1049,Sunitinib
1050,Panitumumab
1051,Decitabine
1052,Posaconazole
1053,Desonide
1054,Sitagliptin
1055,Sinecatechins
1056,Paliperidone
1057,Darunavir
1058,Telbivudine
1059,Galsulfase
1060,Varenicline
1061,Arformoterol
1062,Idursulfase
1063,Alglucosidase alfa
1064,Mecasermin
1065,Pramlintide
1066,Hydralazine
1067,Exenatide
1068,Ranibizumab
1069,Mitoxantrone
1070,Flumazenil
1071,Levetiracetam
1072,Nadolol
1073,Sparfloxacin
1074,Dezocine
1075,Lomustine
1076,Bromocriptine
1077,Rifapentine
1078,Estazolam
1079,Finasteride
1080,Fomepizole
1081,Metipranolol
1082,Dantrolene
1083,Anastrozole
1084,Halofantrine
1085,Clarithromycin
1086,Ceftriaxone
1087,Levobunolol
1088,Mivacurium
1089,Quetiapine
1090,Encainide
1091,Paclitaxel
1092,Budesonide
1093,Rifaximin
1094,Ketamine
1095,Aripiprazole
1096,Levodopa
1097,Sevoflurane
1098,Chlorprothixene
1099,Pemoline
1100,Metoclopramide
1101,Dexamethasone
1102,Diphenidol
1103,Saquinavir
1104,Tolazoline
1105,Gentamicin
1106,Sulfasalazine
1107,Candesartan cilexetil
1108,Tazarotene
1109,Perindopril
1110,Haloprogin
1111,Primidone
1112,Uracil mustard
1113,Tripelennamine
1114,Tetracycline
1115,Isoflurane
1116,Ethotoin
1117,Epinastine
1118,Tranylcypromine
1119,Dolasetron
1120,Clopidogrel
1121,Tretinoin
1122,Hexachlorophene
1123,Prilocaine
1124,Irinotecan
1125,Olopatadine
1126,Hydrocortamate
1127,Clavulanic acid
1128,Benzquinamide
1129,Meropenem
1130,Potassium chloride
1131,Tirofiban
1132,Oxcarbazepine
1133,Etoposide
1134,Hydroflumethiazide
1135,Nalidixic acid
1136,Propiomazine
1137,Roxithromycin
1138,Clidinium
1139,Malathion
1140,Alprostadil
1141,Acyclovir
1142,Mefenamic acid
1143,Naproxen
1144,Propantheline
1145,Estradiol
1146,Phenelzine
1147,Benzocaine
1148,Primaquine
1149,Emedastine
1150,Pilocarpine
1151,Iloprost
1152,Deserpidine
1153,Streptomycin
1154,Orlistat
1155,Vigabatrin
1156,Diphenoxylate
1157,Leflunomide
1158,Rosuvastatin
1159,Fluvastatin
1160,Oxamniquine
1161,Flucytosine
1162,Dimethyl sulfoxide
1163,Hesperetin
1164,Butenafine
1165,Ouabain
1166,Abacavir
1167,Melphalan
1168,Memantine
1169,Thalidomide
1170,Lubiprostone
1171,Fluocinonide
1172,Gatifloxacin
1173,Rifampicin
1174,Norfloxacin
1175,Benzylpenicillin
1176,Nitrendipine
1177,Novobiocin
1178,Echothiophate
1179,Praziquantel
1180,Mimosine
1181,Tocainide
1182,Ibuprofen
1183,Isoprenaline
1184,Melatonin
1185,Oxybutynin
1186,Acetophenazine
1187,Clonazepam
1188,Promethazine
1189,Glipizide
1190,Amoxicillin
1191,Azlocillin
1192,Diphenhydramine
1193,Atorvastatin
1194,Perhexiline
1195,Tegaserod
1196,Etidronic acid
1197,Deslanoside
1198,Mequitazine
1199,Atazanavir
1200,Dihydrotachysterol
1201,Econazole
1202,Bicalutamide
1203,Anisindione
1204,Dutasteride
1205,Rabeprazole
1206,Gliclazide
1207,Proflavine
1208,Tolbutamide
1209,Phenacemide
1210,Ambenonium
1211,Sulfinpyrazone
1212,Cefapirin
1213,Carvedilol
1214,Levofloxacin
1215,Prednicarbate
1216,Proguanil
1217,Desoxycorticosterone pivalate
1218,Doxacurium
1219,Pioglitazone
1220,Tiludronic acid
1221,Nefazodone
1222,Cloxacillin
1223,Flavoxate
1224,Micafungin
1225,Doxepin
1226,Cefadroxil
1227,Diphenylpyraline
1228,Amifostine
1229,Bretylium
1230,Halothane
1231,Candicidin
1232,Sertaconazole
1233,Cefprozil
1234,Desipramine
1235,Bupropion
1236,Trimetrexate
1237,Thiamylal
1238,Gemifloxacin
1239,Sibutramine
1240,Levocabastine
1241,Sertraline
1242,Heparin
1243,Methyprylon
1244,Trilostane
1245,Capecitabine
1246,Arbutamine
1247,Pimozide
1248,Atovaquone
1249,Nifedipine
1250,Amiodarone
1251,Diazoxide
1252,Cefuroxime
1253,Papaverine
1254,Miconazole
1255,Letrozole
1256,Tioconazole
1257,Ganciclovir
1258,Busulfan
1259,Ketoprofen
1260,Levobupivacaine
1261,Cromoglicic acid
1262,Cyclacillin
1263,Salbutamol
1264,Minocycline
1265,Guanfacine
1266,Sulfamethoxazole
1267,Bethanechol
1268,Edrophonium
1269,Clobetasol propionate
1270,Balsalazide
1271,Metyrapone
1272,Cinacalcet
1273,Methoxyflurane
1274,Irbesartan
1275,Ketoconazole
1276,Isosorbide mononitrate
1277,Trichlormethiazide
1278,Mycophenolic acid
1279,Amlexanox
1280,Felodipine
1281,Fenofibrate
1282,Selegiline
1283,Ethinamate
1284,Probenecid
1285,Topotecan
1286,Procainamide
1287,Tolterodine
1288,Mercaptopurine
1289,Cerulenin
1290,Stearic acid
1291,Acetic acid
1292,Mercuric iodide
1293,Trastuzumab emtansine
1294,Acetylcholine
1295,Irofulven
1296,Aminoquinuride
1297,Lactose
1298,Perflubron
1299,Dexfosfoserine
1300,Oteracil
1301,Prasterone sulfate
1302,Parathyroid hormone
1303,Lactic acid
1304,Glycolic acid
1305,Meglutol
1306,Bromoform
1307,Arsanilic acid
1308,Carbocisteine
1309,Inosine
1310,Ustekinumab
1311,Apremilast
1312,Citric acid
1313,Ramucirumab
1314,Mipomersen
1315,Telaprevir
1316,Dequalinium
1317,Quercetin
1318,Brivaracetam
1319,Oleic Acid
1320,Sodium stibogluconate
1321,Taurine
1322,Bropirimine
1323,Valpromide
1324,Aceglutamide
1325,Fructose
1326,Etiprednol dicloacetate
1327,Palovarotene
1328,Nicotinyl alcohol
1329,Fotemustine
1330,Propylene glycol
1331,Histamine
1332,Iodine
1333,Corticorelin
1334,Obiltoxaximab
1335,Romiplostim
1336,Dexlansoprazole
1337,Pimavanserin
1338,Ecallantide
1339,Vandetanib
1340,Eldecalcitol
1341,Prasterone
1342,Cetrimonium
1343,Methsuximide
1344,Ecabet
1345,Ibudilast
1346,Gallium nitrate
1347,Rotigotine
1348,Samarium (153Sm) lexidronam
1349,Crisaborole
1350,Beraprost
1351,Cobimetinib
1352,Dalfopristin
1353,Camphor
1354,Kojic acid
1355,Vintafolide
1356,Piretanide
1357,Sofalcone
1358,Pretomanid
1359,Trabectedin
1360,Pleconaril
1361,Topiroxostat
1362,Roflumilast
1363,Cacodylic acid
1364,Fumaric acid
1365,Deferasirox
1366,Periciazine
1367,Ticarcillin
1368,Tazobactam
1369,Lopinavir
1370,Tiaprofenic acid
1371,Pivmecillinam
1372,Pivampicillin
1373,Meticillin
1374,Bacampicillin
1375,Phenindamine
1376,Molindone
1377,Amyl Nitrite
1378,Hydroxychloroquine
1379,Valganciclovir
1380,Alverine
1381,Aceprometazine
1382,Acepromazine
1383,Etoricoxib
1384,Oxitriptan
1385,Thiothixene
1386,Thioproperazine
1387,Pheniramine
1388,Lincomycin
1389,Pargyline
1390,Isopropamide
1391,Zuclopenthixol
1392,Ricinoleic acid
1393,Sorbitol
1394,Erdosteine
1395,Belinostat
1396,Ataluren
1397,Migalastat
1398,Ingenol mebutate
1399,Indacaterol
1400,Fludiazepam
1401,Formebolone
1402,Calusterone
1403,Chloral hydrate
1404,Phendimetrazine
1405,Metrizamide
1406,Attapulgite
1407,Quazepam
1408,Prazepam
1409,Ketazolam
1410,Sulfamerazine
1411,Oxprenolol
1412,Probucol
1413,Imipenem
1414,Iron
1415,Solifenacin
1416,Everolimus
1417,Cilastatin
1418,Nitrazepam
1419,Cinolazepam
1420,Dextromoramide
1421,Androstenediol
1422,Clostebol
1423,Clortermine
1424,Acetyldihydrocodeine
1425,Androstenedione
1426,Desomorphine
1427,Etryptamine
1428,Ethyl loflazepate
1429,Flunitrazepam
1430,Diprenorphine
1431,Drotebanol
1432,Chlorphentermine
1433,Clotiazepam
1434,Bromazepam
1435,Cloxazolam
1436,Dihydrocodeine
1437,Fenproporex
1438,Abaloparatide
1439,Ganaxolone
1440,Diampromide
1441,Difenoxin
1442,Oxabolone
1443,Delorazepam
1444,Incadronic acid
1445,Lonidamine
1446,Sitaxentan
1447,Udenafil
1448,Droxidopa
1449,Tolperisone
1450,Amrubicin
1451,Tocilizumab
1452,Maxacalcitol
1453,Alvimopan
1454,Sulodexide
1455,Temsirolimus
1456,Ziconotide
1457,Teriparatide
1458,Levocetirizine
1459,Dalbavancin
1460,Lacosamide
1461,Ferumoxytol
1462,Vernakalant
1463,Asenapine
1464,Doripenem
1465,Eltrombopag
1466,Regadenoson
1467,Tolvaptan
1468,Rivaroxaban
1469,Avanafil
1470,Ridaforolimus
1471,Maribavir
1472,Nalmefene
1473,Trafermin
1474,Eflornithine
1475,Exisulind
1476,Silodosin
1477,Prasugrel
1478,Tapentadol
1479,Alogliptin
1480,Sugammadex
1481,Tedisamil
1482,Lasofoxifene
1483,Rufinamide
1484,Camazepam
1485,Barbital
1486,Cathine
1487,Embutramide
1488,Ethylestrenol
1489,Dipipanone
1490,Etorphine
1491,Aminorex
1492,Dimethylthiambutene
1493,Sucrose
1494,Bezitramide
1495,Diamorphine
1496,Ethylmethylthiambutene
1497,Ethylmorphine
1498,Dimenoxadol
1499,Fencamfamin
1500,Dioxaphetyl butyrate
1501,Haloxazolam
1502,Bambuterol
1503,Danazol
1504,Clenbuterol
1505,Temafloxacin
1506,Antrafenine
1507,Cefepime
1508,Cefacetrile
1509,Pranlukast
1510,Theobromine
1511,Acenocoumarol
1512,Ceftibuten
1513,Ciclesonide
1514,Aminophenazone
1515,Alizapride
1516,Nitroxoline
1517,Stepronin
1518,Oxybenzone
1519,Aprindine
1520,Ajmaline
1521,Amrinone
1522,Testosterone propionate
1523,Paromomycin
1524,Alfacalcidol
1525,Glutethimide
1526,Phenazopyridine
1527,Allylestrenol
1528,Cholestyramine
1529,Almitrine
1530,Nicotinamide
1531,Fusidic acid
1532,Tirbanibulin
1533,Teicoplanin
1534,Mianserin
1535,Spiramycin
1536,Sertindole
1537,Sulfathiazole
1538,Rubitecan
1539,Rimonabant
1540,Acetylcysteine
1541,Pizotifen
1542,Sulfadimethoxine
1543,Canakinumab
1544,Garenoxacin
1545,Cenobamate
1546,Cholic Acid
1547,Betadex
1548,Terlipressin
1549,Fumagillin
1550,Darinaparsin
1551,Noscapine
1552,Romidepsin
1553,Forodesine
1554,Ipilimumab
1555,Icatibant
1556,Pixantrone
1557,Cariprazine
1558,Eteplirsen
1559,Trofinetide
1560,Olaratumab
1561,Vorinostat
1562,Thymol
1563,Formaldehyde
1564,Ditiocarb
1565,Hexamidine
1566,Lumateperone
1567,Caplacizumab
1568,Tapinarof
1569,Tolrestat
1570,Phenacetin
1571,Benzoic acid
1572,Doconexent
1573,Oxyphenbutazone
1574,Orotic acid
1575,Flufenamic acid
1576,Protoporphyrin
1577,Satraplatin
1578,Aminobenzoic acid
1579,Azimilide
1580,Pirfenidone
1581,Lucanthone
1582,Troxacitabine
1583,Canfosfamide
1584,Carbenoxolone
1585,Oxibendazole
1586,Oritavancin
1587,Itopride
1588,Clevidipine
1589,Ospemifene
1590,Afamelanotide
1591,Defibrotide
1592,Eritoran
1593,Tiratricol
1594,Permethrin
1595,Deoxycholic acid
1596,Mecobalamin
1597,Iloperidone
1598,Altropane
1599,Lofexidine
1600,Tamibarotene
1601,Acadesine
1602,Ribostamycin
1603,Crofelemer
1604,Flibanserin
1605,Thymalfasin
1606,Bifonazole
1607,Vildagliptin
1608,Voacamine
1609,Voglibose
1610,Lorcaserin
1611,Dapoxetine
1612,Enoximone
1613,Ximelagatran
1614,Nesiritide
1615,Pegaptanib
1616,Milnacipran
1617,Lucinactant
1618,Bepotastine
1619,Phencyclidine
1620,Amineptine
1621,Clofedanol
1622,Cyclandelate
1623,Cyproterone acetate
1624,Methaqualone
1625,Rapacuronium
1626,Maraviroc
1627,Buformin
1628,Tienilic acid
1629,Roxadustat
1630,Mepenzolate
1631,Tetrabenazine
1632,Ixabepilone
1633,Celiprolol
1634,Debrisoquine
1635,Flunarizine
1636,Fluspirilene
1637,Febuxostat
1638,Dronedarone
1639,Dexloxiglumide
1640,Omacetaxine mepesuccinate
1641,Halofuginone
1642,Nilotinib
1643,Nebivolol
1644,Iproniazid
1645,Methapyrilene
1646,Bunamiodyl
1647,Clioquinol
1648,Dantron
1649,Metamizole
1650,Benoxaprofen
1651,Bithionol
1652,Prenylamine
1653,Thenalidine
1654,Zomepirac
1655,Nomifensine
1656,Oxeladin
1657,Phenolphthalein
1658,Nialamide
1659,Ubenimex
1660,Suramin
1661,Hemin
1662,Nimesulide
1663,Aniracetam
1664,Glutaral
1665,Inotuzumab ozogamicin
1666,Niflumic acid
1667,Gluconolactone
1668,Quinestrol
1669,Fleroxacin
1670,Trioxsalen
1671,Thiotepa
1672,Estriol
1673,Latamoxef
1674,Phenol
1675,Aldosterone
1676,Brivudine
1677,Maltose
1678,Coumarin
1679,Obeticholic acid
1680,Choline alfoscerate
1681,Apramycin
1682,Metralindole
1683,Evolocumab
1684,Setiptiline
1685,Chondroitin sulfate
1686,Alirocumab
1687,Carindacillin
1688,Ioxaglic acid
1689,Catridecacog
1690,Polyestradiol phosphate
1691,Propyliodone
1692,Evans blue
1693,Fluprednisolone
1694,Chymotrypsin
1695,Tannic acid
1696,Norethynodrel
1697,Meprednisone
1698,Phosphoric acid
1699,Sodium acetate
1700,Tegafur-uracil
1701,Sodium fluoride
1702,Ammonia N-13
1703,Sulbactam
1704,Zinc oxide
1705,Zinc sulfate
1706,Procaine benzylpenicillin
1707,Mersalyl
1708,Alatrofloxacin
1709,Iopodic acid
1710,Osimertinib
1711,Daratumumab
1712,Acetrizoic acid
1713,Propiolactone
1714,Pramocaine
1715,Metrizoic acid
1716,Tipiracil
1717,Propoxycaine
1718,Dexpanthenol
1719,Sulfabenzamide
1720,Piperonyl butoxide
1721,Levobetaxolol
1722,Rolapitant
1723,Sacubitril
1724,Ramosetron
1725,Propacetamol
1726,Tianeptine
1727,Pipamperone
1728,Imolamine
1729,Morniflumate
1730,Molsidomine
1731,Trapidil
1732,Tenofovir alafenamide
1733,Paritaprevir
1734,Talniflumate
1735,Ombitasvir
1736,Mebanazine
1737,Octamoxin
1738,Benmoxin
1739,Iproclozide
1740,Pirlindole
1741,Toloxatone
1742,Moxonidine
1743,Hydracarbazine
1744,Gimeracil
1745,Bemiparin
1746,Tegafur
1747,Caroxazone
1748,Pivhydrazine
1749,Pheniprazine
1750,Ubidecarenone
1751,Phenylacetic acid
1752,Strontium ranelate
1753,Idarucizumab
1754,Lixisenatide
1755,Imidafenacin
1756,Lumacaftor
1757,Fimasartan
1758,Sodium aurothiomalate
1759,Doxofylline
1760,Artesunate
1761,Cimetropium
1762,Eluxadoline
1763,Pegloticase
1764,Pholcodine
1765,Trimazosin
1766,Arotinolol
1767,Moxisylyte
1768,Bisoxatin
1769,Firocoxib
1770,Clonixin
1771,Droxicam
1772,Tolfenamic acid
1773,Dexibuprofen
1774,Dexketoprofen
1775,Limaprost
1776,Loxoprofen
1777,Piracetam
1778,Conestat alfa
1779,Aranidipine
1780,Barnidipine
1781,Melperone
1782,Zotepine
1783,Blonanserin
1784,Nicorandil
1785,Polaprezinc
1786,Levamlodipine
1787,Manidipine
1788,Efonidipine
1789,Lacidipine
1790,Benidipine
1791,Cilnidipine
1792,Azelnidipine
1793,Dosulepin
1794,Etizolam
1795,Viloxazine
1796,Dasabuvir
1797,Lobeglitazone
1798,Mepiprazole
1799,Etoperidone
1800,Lorpiprazole
1801,Chromic chloride
1802,Brexpiprazole
1803,Potassium citrate
1804,Dienogest
1805,Medrogestone
1806,Aurothioglucose
1807,Peginterferon beta-1a
1808,Zucapsaicin
1809,Isosulfan blue
1810,Ioversol
1811,Ioxilan
1812,Gadoteric acid
1813,Cupric Chloride
1814,Sonidegib
1815,Uridine triacetate
1816,Protamine sulfate
1817,Sincalide
1818,Oxygen
1819,Iopromide
1820,Carbon dioxide
1821,Sodium citrate
1822,Helium
1823,Nitrogen
1824,Sodium chloride
1825,Flutemetamol (18F)
1826,Turoctocog alfa
1827,Methoxy polyethylene glycol-epoetin beta
1828,Simoctocog alfa
1829,Asfotase alfa
1830,Magnesium hydroxide
1831,Elvitegravir
1832,Daclatasvir
1833,Stiripentol
1834,Eslicarbazepine acetate
1835,Calcium carbimide
1836,Paraldehyde
1837,Colfosceril palmitate
1838,Diiodohydroxyquinoline
1839,Poractant alfa
1840,Carglumic acid
1841,Cabazitaxel
1842,Besifloxacin
1843,Capsaicin
1844,Benzyl alcohol
1845,Hexocyclium
1846,Halcinonide
1847,Hydroxyprogesterone caproate
1848,Histrelin
1849,Prussian blue
1850,Dimercaprol
1851,Ganirelix
1852,Difluprednate
1853,Desoxycorticosterone acetate
1854,Mebutamate
1855,Methenamine
1856,Lodoxamide
1857,Levopropoxyphene
1858,Mangafodipir
1859,Mafenide
1860,Lanthanum carbonate
1861,Lanreotide
1862,Seratrodast
1863,Aceclofenac
1864,Ketobemidone
1865,Zaltoprofen
1866,Gestodene
1867,Ambroxol
1868,Fomivirsen
1869,Triclofos
1870,Betaine
1871,Chymopapain
1872,Drotaverine
1873,Bendamustine
1874,Ammonium lactate
1875,Tetryzoline
1876,Ammonium chloride
1877,Alcaftadine
1878,Beractant
1879,Sacrosidase
1880,Saralasin
1881,Pinacidil
1882,Chlortetracycline
1883,Podophyllin
1884,Tixocortol
1885,Pinaverium
1886,Raltegravir
1887,Pyrvinium
1888,Pralatrexate
1889,Povidone-iodine
1890,Pyrithione
1891,Protokylol
1892,Polidocanol
1893,Plicamycin
1894,Amylocaine
1895,Trimebutine
1896,Eugenol
1897,Benzydamine
1898,Tetracaine
1899,Viomycin
1900,Tiopronin
1901,Triptorelin
1902,Sulconazole
1903,Sulfameter
1904,Somatostatin
1905,Quinagolide
1906,Somatrem
1907,Benzoyl peroxide
1908,Ceftolozane
1909,Netupitant
1910,Naloxegol
1911,Metreleptin
1912,Finafloxacin
1913,Dulaglutide
1914,Tedizolid phosphate
1915,Albiglutide
1916,Efinaconazole
1917,Tavaborole
1918,Avibactam
1919,Cannabidiol
1920,Atosiban
1921,Acipimox
1922,Amorolfine
1923,Ibrutinib
1924,Idelalisib
1925,Elosulfase alfa
1926,Blinatumomab
1927,Tasimelteon
1928,Sodium oxybate
1929,Tibolone
1930,Vortioxetine
1931,Trimetazidine
1932,Corifollitropin alfa
1933,Ciprofibrate
1934,Cobicistat
1935,Cefminox
1936,Ceritinib
1937,Vilanterol
1938,Ivabradine
1939,Olodaterol
1940,Idebenone
1941,Plerixafor
1942,Nepafenac
1943,Monoctanoin
1944,Niclosamide
1945,Methylnaltrexone
1946,Nintedanib
1947,Dinutuximab
1948,Lenvatinib
1949,Edoxaban
1950,Umeclidinium
1951,Palbociclib
1952,Olaparib
1953,Cefaloridine
1954,Articaine
1955,Clinofibrate
1956,Chlorphenoxamine
1957,Clobutinol
1958,Cloperastine
1959,Clocapramine
1960,Cyamemazine
1961,Barbexaclone
1962,Bromhexine
1963,Brotizolam
1964,Bromopride
1965,Butriptyline
1966,Befunolol
1967,Captodiame
1968,Beclamide
1969,Carbazochrome
1970,Carmofur
1971,Cytisine
1972,Secukinumab
1973,Aliskiren
1974,Ledipasvir
1975,Benfluorex
1976,Benactyzine
1977,Bisacodyl
1978,Benzoctamine
1979,Eliglustat
1980,Pembrolizumab
1981,Empagliflozin
1982,Nivolumab
1983,Siltuximab
1984,Vedolizumab
1985,Suvorexant
1986,Miltefosine
1987,Vorapaxar
1988,Degarelix
1989,Betahistine
1990,Dabigatran etexilate
1991,Xylometazoline
1992,Artemether
1993,Arbekacin
1994,Mepyramine
1995,Nitrous oxide
1996,Aprotinin
1997,Liraglutide
1998,Safinamide
1999,Ofatumumab
2000,Pasireotide
2001,Clazosentan
2002,Golimumab
2003,Ethanolamine oleate
2004,Vilazodone
2005,Clevudine
2006,Laquinimod
2007,Naproxcinod
2008,Belatacept
2009,Peramivir
2010,Bosutinib
2011,Mepolizumab
2012,Axitinib
2013,Flupirtine
2014,Isavuconazonium
2015,Casopitant
2016,Denosumab
2017,Anamorelin
2018,Isometheptene
2019,Methacholine
2020,Lumefantrine
2021,Gadobutrol
2022,Fesoterodine
2023,Dexmethylphenidate
2024,Desvenlafaxine
2025,Stanozolol
2026,Fosaprepitant
2027,Buserelin
2028,Propylhexedrine
2029,Norelgestromin
2030,Fospropofol
2031,Potassium Iodide
2032,Methyltestosterone
2033,Nilvadipine
2034,Naphazoline
2035,Sulfaphenazole
2036,Lornoxicam
2037,Calcium carbonate
2038,Sparteine
2039,Bufuralol
2040,Velaglucerase alfa
2041,Ferrous bisglycinate
2042,Arbutin
2043,Enzacamene
2044,Menthyl salicylate
2045,Bemotrizinol
2046,Amiloxate
2047,Lycopene
2048,Dioxybenzone
2049,Padimate A
2050,Pazopanib
2051,Cetilistat
2052,Midostaurin
2053,Agomelatine
2054,Ceftaroline fosamil
2055,Etilevodopa
2056,Minodronic acid
2057,Desirudin
2058,Meradimate
2059,Hydrogen peroxide
2060,Potassium nitrate
2061,Calcium citrate
2062,Stannous fluoride
2063,Resorcinol
2064,Silver nitrate
2065,Ferric sulfate
2066,Phenyltoloxamine
2067,Calcium threonate
2068,Xylitol
2069,Pantethine
2070,Cobamamide
2071,Rose bengal
2072,Sulisobenzone
2073,Oftasceine
2074,Pentoxyverine
2075,Tafenoquine
2076,Panobinostat
2077,Teplizumab
2078,Homatropine
2079,Apixaban
2080,Tetrofosmin
2081,Nemonoxacin
2082,Hexestrol
2083,Reslizumab
2084,Silicon dioxide
2085,Cupric oxide
2086,Chloroxylenol
2087,Benzethonium
2088,Calcium gluconate
2089,Carbamide peroxide
2090,Barium sulfate
2091,Sodium hydroxide
2092,Pyrantel
2093,Triclocarban
2094,Selenomethionine
2095,Oxyquinoline
2096,Butamben
2097,Magnesium citrate
2098,Castor oil
2099,Ensulizole
2100,Ammonia
2101,Undecylenic acid
2102,Allantoin
2103,N-acetyltyrosine
2104,Benzalkonium
2105,Sulfur hexafluoride
2106,Potassium bitartrate
2107,Propentofylline
2108,Clomethiazole
2109,Prucalopride
2110,Armodafinil
2111,Oxymetholone
2112,Calfactant
2113,Etravirine
2114,Doxercalciferol
2115,Tyloxapol
2116,Lonafarnib
2117,Cangrelor
2118,Taribavirin
2119,Telavancin
2120,Bazedoxifene
2121,Ambrisentan
2122,Cetylpyridinium
2123,Dimethicone
2124,Trolamine salicylate
2125,Phenyl salicylate
2126,Octisalate
2127,Homosalate
2128,Polysorbate 80
2129,Polyvinyl alcohol
2130,Rilonacept
2131,Elacestrant
2132,Cyclopentamine
2133,Saxagliptin
2134,Dexetimide
2135,Demexiptiline
2136,Diosmin
2137,Dimetacrine
2138,Tucidinostat
2139,Enviomycin
2140,Ditazole
2141,Epirizole
2142,Eperisone
2143,Eprazinone
2144,Teprotumumab
2145,Iclaprim
2146,Pertuzumab
2147,Hexoprenaline
2148,Hexetidine
2149,Ibuproxam
2150,Indalpine
2151,Ifenprodil
2152,Indoprofen
2153,Indenolol
2154,Indoramin
2155,Dibromotyrosine
2156,Fominoben
2157,Fursultiamine
2158,Dimetotiazine
2159,Gemeprost
2160,Fusafungine
2161,Glibornuride
2162,Glafenine
2163,Hexamethonium
2164,Azosemide
2165,Elotuzumab
2166,Fenspiride
2167,Fentonium
2168,Florantyrone
2169,Floctafenine
2170,Fluclorolone acetonide
2171,Flubendazole
2172,Fluocortolone
2173,Flumequine
2174,Fluprednidene
2175,Ethoheptazine
2176,Etamivan
2177,Etifoxine
2178,Etidocaine
2179,Etofenamate
2180,Etilefrine
2181,Etofibrate
2182,Fendiline
2183,Fenbufen
2184,Ferric carboxymaltose
2185,Levomilnacipran
2186,Afatinib
2187,Radium Ra 223 dichloride
2188,Trametinib
2189,Dabrafenib
2190,Pomalidomide
2191,Arsthinol
2192,Acediasulfone
2193,Amperozide
2194,Amfecloral
2195,Adrafinil
2196,Perospirone
2197,Letosteine
2198,Magaldrate
2199,Obinutuzumab
2200,Chlorcyclizine
2201,Luliconazole
2202,Sofosbuvir
2203,Riociguat
2204,Macitentan
2205,Dolutegravir
2206,Iodamide
2207,Tranilast
2208,Inositol nicotinate
2209,Iopanoic acid
2210,Iopamidol
2211,Isoaminile
2212,Iotroxic acid
2213,Isoxicam
2214,Isoconazole
2215,Kebuzone
2216,Isoxsuprine
2217,Amisulpride
2218,Aminopterin
2219,Belimumab
2220,Taliglucerase alfa
2221,Ruxolitinib
2222,Fidaxomicin
2223,Cabozantinib
2224,Gabapentin enacarbil
2225,Boceprevir
2226,Brentuximab vedotin
2227,Eribulin
2228,Carfilzomib
2229,Icosapent ethyl
2230,Ocriplasmin
2231,Aflibercept
2232,Perampanel
2233,Gadoxetic acid
2234,Vemurafenib
2235,Linagliptin
2236,Teriflunomide
2237,Glucarpidase
2238,Enzalutamide
2239,Regorafenib
2240,Peginesatide
2241,Chloramphenicol succinate
2242,Tofacitinib
2243,Mirabegron
2244,Linaclotide
2245,Temocapril
2246,Spaglumic acid
2247,Hydroxyproline
2248,Tyramine
2249,Acetylcarnitine
2250,Tesamorelin
2251,Ulipristal
2252,Fingolimod
2253,Crizotinib
2254,Rilpivirine
2255,Pitavastatin
2256,Dichloroacetic acid
2257,Bopindolol
2258,Bupranolol
2259,Roxatidine acetate
2260,Tymazoline
2261,Nandrolone decanoate
2262,Dimetindene
2263,Isothipendyl
2264,Chloropyramine
2265,Hyaluronic acid
2266,Tafluprost
2267,Ticagrelor
2268,Triflusal
2269,Lurasidone
2270,Cinitapride
2271,Tofisopam
2272,Lomitapide
2273,Vismodegib
2274,Deferiprone
2275,Spinosad
2276,Ioflupane I-123
2277,Azilsartan medoxomil
2278,Ivacaftor
2279,Dimethyl fumarate
2280,Glycerol phenylbutyrate
2281,Fluticasone furoate
2282,Canagliflozin
2283,Certolizumab pegol
2284,Formestane
2285,Raxibacumab
2286,Bedaquiline
2287,Teduglutide
2288,Ponatinib
2289,Simeprevir
2290,Dapagliflozin
2291,Antazoline
2292,Salicylamide
2293,Sulfamoxole
2294,Azidocillin
2295,Ethyl biscoumacetate
2296,Felbinac
2297,Azapropazone
2298,Triclosan
2299,Thiamphenicol
2300,Parecoxib
2301,Hymecromone
2302,Efaproxiral
2303,Secretin porcine
2304,Hydroquinone
2305,Titanium dioxide
2306,Ecamsule
2307,Octocrylene
2308,Secretin human
2309,Perflexane
2310,Methyl salicylate
2311,Necitumumab
2312,Ferumoxsil
2313,Fludeoxyglucose (18F)
2314,Mequinol
2315,Urea C-13
2316,Talc
2317,Omega-3-carboxylic acids
2318,Choline C-11
2319,Insulin degludec
2320,Sodium glycerophosphate
2321,Ixazomib
2322,Levmetamfetamine
2323,Magnesium chloride
2324,Iocetamic acid
2325,Isosorbide
2326,Xylose
2327,Potassium perchlorate
2328,Meglumine
2329,Protirelin
2330,Acrivastine
2331,Iotrolan
2332,Potassium lactate
2333,Magnesium carbonate
2334,Avobenzone
2335,Octinoxate
2336,Fasudil
2337,Cetyl alcohol
2338,"Sodium phosphate, monobasic"
2339,Insulin beef
2340,Sodium carbonate
2341,Enalaprilat
2342,Sodium sulfate
2343,Aclarubicin
2344,Pirarubicin
2345,Doxifluridine
2346,Gestrinone
2347,Zorubicin
2348,Lifitegrast
2349,Lactitol
2350,Oxilofrine
2351,Darolutamide
2352,Velpatasvir
2353,Phloroglucinol
2354,Rupatadine
2355,Dihydralazine
2356,Susoctocog alfa
2357,Eftrenonacog alfa
2358,Efmoroctocog alfa
2359,Normethadone
2360,Opipramol
2361,Dibotermin alfa
2362,Artenimol
2363,Eptotermin alfa
2364,Temoporfin
2365,Opicapone
2366,Tocofersolan
2367,Delamanid
2368,Nomegestrol
2369,Mitoguazone
2370,Depreotide
2371,Prothipendyl
2372,Laropiprant
2373,Neridronic Acid
2374,Pivagabine
2375,Dehydrocholic acid
2376,Terizidone
2377,Tasonermin
2378,Perflenapent
2379,Tirzepatide
2380,Trofosfamide
2381,Avacincaptad pegol
2382,Cafedrine
2383,Theodrenaline
2384,Ozenoxacin
2385,Gallopamil
2386,Bimekizumab
2387,Mitolactol
2388,Tepotinib
2389,Futibatinib
2390,Ropeginterferon alfa-2b
2391,Pemigatinib
2392,Naldemedine
2393,Voclosporin
2394,Pacritinib
2395,Racecadotril
2396,Tropisetron
2397,Ipragliflozin
2398,Daprodustat
2399,Selumetinib
2400,Bremelanotide
2401,Tucatinib
2402,Rebamipide
2403,Amifampridine
2404,Pitolisant
2405,Vinflunine
2406,Tafamidis
2407,Pyronaridine
2408,Pexidartinib
2409,Mosapride
2410,Triheptanoin
2411,Treosulfan
2412,Latanoprostene bunod
2413,Morinidazole
2414,Somapacitan
2415,Tezepelumab
2416,Upadacitinib
2417,Gefapixant
2418,Perflubutane
2419,Lefamulin
2420,Flunixin
2421,Etymemazine
2422,Fluprostenol
2423,Deslorelin
2424,Dihydrostreptomycin
2425,Oleandrin
2426,Difloxacin
2427,Diperodon
2428,Dithiazanine
2429,Reproterol
2430,Cloprostenol
2431,Pegvaliase
2432,Bunamidine
2433,Prednimustine
2434,Gabexate
2435,Secnidazole
2436,Butacaine
2437,Tandospirone
2438,Cefovecin
2439,Grapiprant
2440,Caramiphen
2441,Olipudase alfa
2442,Ansuvimab
2443,Tafasitamab
2444,Glofitamab
2445,Omidenepag isopropyl
2446,Trifarotene
2447,Volanesorsen
2448,Givosiran
2449,Mobocertinib
2450,Tixagevimab
2451,Cilgavimab
2452,Avacopan
2453,Eflapegrastim
2454,Viltolarsen
2455,Zanubrutinib
2456,Daridorexant
2457,Sotrovimab
2458,Revaprazan
2459,Rezafungin
2460,Regdanvimab
2461,Padimate O
2462,Elbasvir
2463,Ferric oxide
2464,Grazoprevir
2465,Lesinurad
2466,Sebelipase alfa
2467,Sacituzumab govitecan
2468,Ixekizumab
2469,Bilastine
2470,Domiphen
2471,Atezolizumab
2472,Venetoclax
2473,Ravulizumab
2474,Thiocolchicoside
2475,Pipradrol
2476,Etafedrine
2477,Asunaprevir
2478,Metoserpate
2479,Sivelestat
2480,Milbemycin oxime
2481,Etelcalcetide
2482,Melarsoprol
2483,Benperidol
2484,Pirlimycin
2485,Intoplicine
2486,Melarsomine
2487,Imidocarb
2488,Hygromycin B
2489,Maduramicin
2490,Timonacic
2491,Tricaine
2492,Tylvalosin
2493,Detomidine
2494,Tazemetostat
2495,Zolazepam
2496,Toluene
2497,Ractopamine
2498,Vonicog alfa
2499,Romifidine
2500,Quizartinib
2501,Robenidine
2502,Semduramicin
2503,Salinomycin
2504,Sulfabromomethazine
2505,Oxatomide
2506,Tiletamine
2507,Sulprostone
2508,Perfosfamide
2509,Perazine
2510,Sotagliflozin
2511,Pilsicainide
2512,Olutasidenib
2513,Odevixibat
2514,Nirsevimab
2515,Osalmid
2516,Loncastuximab tesirine
2517,Lonapegsomatropin
2518,Leniolisib
2519,Mitapivat
2520,Nalorphine
2521,2-mercaptobenzothiazole
2522,Amphomycin
2523,Atipamezole
2524,Ceftiofur
2525,Dexamethasone isonicotinate
2526,Quinfamide
2527,Poloxalene
2528,Pimobendan
2529,Pradofloxacin
2530,Ponazuril
2531,Benserazide
2532,Robenacoxib
2533,Prostalene
2534,Norethandrolone
2535,Selamectin
2536,Dinoprost
2537,Norgestomet
2538,Lafutidine
2539,Oleandomycin
2540,Oclacitinib
2541,Orbifloxacin
2542,Oxfendazole
2543,Phosmet
2544,Phenothiazine
2545,Tilmicosin
2546,Tildipirosin
2547,Metrifonate
2548,Tioxidazole
2549,Tylosin
2550,Xylazine
2551,Virginiamycin
2552,Zilpaterol
2553,Zeranol
2554,Sulfaethoxypyridazine
2555,Condoliase
2556,Sulfachlorpyridazine
2557,Sulfaquinoxaline
2558,Tepoxalin
2559,Tiamulin
2560,Thiostrepton
2561,Haloxon
2562,Butylphthalide
2563,Fenprostalene
2564,Fenbendazole
2565,Florfenicol
2566,Fenthion
2567,Fluralaner
2568,Gleptoferron
2569,Gamithromycin
2570,Famphur
2571,Febantel
2572,Doramectin
2573,Efrotomycin
2574,Enrofloxacin
2575,Emodepside
2576,Eprinomectin
2577,Moxidectin
2578,Rabacfosadine
2579,Monensin
2580,Narasin
2581,Cicletanine
2582,Nicarbazin
2583,Nifurpirinol
2584,Nitenpyram
2585,Mibolerone
2586,Polymyxin B
2587,Imidacloprid
2588,Lufenuron
2589,Lasalocid
2590,Marbofloxacin
2591,Luprostiol
2592,Medetomidine
2593,Maropitant
2594,Foscarbidopa
2595,Bismuth subgallate
2596,Netarsudil
2597,Sisomicin
2598,Idursulfase beta
2599,Semaglutide
2600,Cenegermin
2601,Emicizumab
2602,Dotinurad
2603,Delgocitinib
2604,Finerenone
2605,Esflurbiprofen
2606,Carotegrast methyl
2607,Altrenogest
2608,Alfaxalone
2609,Amprolium
2610,Amitraz
2611,Azaperone
2612,Avilamycin
2613,Gusperimus
2614,Alectinib
2615,Selexipag
2616,Sennosides
2617,Pidotimod
2618,Cefroxadine
2619,Ibalizumab
2620,Roquinimex
2621,Afoxolaner
2622,Cythioate
2623,Decoquinate
2624,Danofloxacin
2625,Dichlorophen
2626,Deracoxib
2627,Diclazuril
2628,Dichlorvos
2629,Dirlotapide
2630,Cambendazole
2631,Carbomycin
2632,Carbarsone
2633,Chloroform
2634,Chlorobutanol
2635,Clorsulon
2636,Urapidil
2637,Azintamide
2638,Baloxavir marboxil
2639,Lonoctocog alfa
2640,Kinetin
2641,Protionamide
2642,Ferric pyrophosphate citrate
2643,Magnesium acetate
2644,Moroctocog alfa
2645,Nomegestrol acetate
2646,Glycol salicylate
2647,Somatorelin
2648,Dipyrithione
2649,Boric acid
2650,Epitizide
2651,Moxetumomab pasudotox
2652,Guaiacol
2653,Lurbinectedin
2654,Calcium Phosphate
2655,Estradiol benzoate
2656,Estradiol cypionate
2657,Estradiol acetate
2658,Evogliptin
2659,Octenidine
2660,Estradiol valerate
2661,Mizoribine
2662,Testosterone cypionate
2663,Ozanimod
2664,Piperaquine
2665,Testosterone undecanoate
2666,Plazomicin
2667,Sulesomab
2668,Phenyl trimethicone
2669,Besilesomab
2670,Methscopolamine
2671,Phenoxyethanol
2672,Amtolmetin guacil
2673,Bibrocathol
2674,Proxazole
2675,Aspoxicillin
2676,Carbromal
2677,Dimemorfan
2678,Talampicillin
2679,Xenysalate
2680,Bufylline
2681,Iodoform
2682,Tisopurine
2683,Mebhydrolin
2684,Reposal
2685,Linopirdine
2686,Calcium levulinate
2687,Xipamide
2688,Benzylthiouracil
2689,Muzolimine
2690,Epomediol
2691,Indocyanine green
2692,Levosulpiride
2693,Triacetin
2694,Butedronic acid
2695,Nifekalant
2696,Diethyltoluamide
2697,Bismuth subcarbonate
2698,Chromium picolinate
2699,Anhydrovinblastine
2700,Hexylresorcinol
2701,Levomefolic acid
2702,Diosmetin
2703,Gelatin
2704,Zinc gluconate
2705,Dihydroergocornine
2706,Epicriptine
2707,Diacetyl benzoyl lathyrol
2708,Bisoctrizole
2709,Polydatin
2710,Asciminib
2711,Protocatechualdehyde
2712,Nafamostat
2713,Diethylamino hydroxybenzoyl hexyl benzoate
2714,Lormetazepam
2715,Samidorphan
2716,Enasidenib
2717,Indobufen
2718,Sparsentan
2719,Pibrentasvir
2720,Glecaprevir
2721,Iopentol
2722,Magnesium phosphate
2723,Inebilizumab
2724,Oxetacaine
2725,Etynodiol
2726,Thonzylamine
2727,Trypsin
2728,Talimogene laherparepvec
2729,Albutrepenonacog alfa
2730,Methyl nicotinate
2731,Mebeverine
2732,Noxytiolin
2733,Imeglimin
2734,Dipyrocetyl
2735,Fedratinib
2736,Ranimustine
2737,Methylatropine
2738,Potassium permanganate
2739,Metampicillin
2740,Doxefazepam
2741,Phenylmercuric borate
2742,Caroverine
2743,Avalglucosidase alfa
2744,Atogepant
2745,Calcium silicate
2746,Indanazoline
2747,Cyfluthrin
2748,Ceftezole
2749,Meprotixol
2750,Oxomemazine
2751,Fedrilate
2752,Etohexadiol
2753,Pipemidic acid
2754,Enprostil
2755,Timepidium
2756,Artemotil
2757,Gamolenic acid
2758,Nifuroxazide
2759,Mefenorex
2760,Mizolastine
2761,Anethole trithione
2762,Dimazole
2763,Fluclorolone
2764,Demegestone
2765,Hydroxyethylpromethazine
2766,Clofibride
2767,Cloprednol
2768,Pipenzolate
2769,Omaveloxolone
2770,Clopenthixol
2771,Etofylline nicotinate
2772,Fluorodopa (18F)
2773,Etafenone
2774,Pyrrobutamine
2775,Piritramide
2776,Mogamulizumab
2777,Clascoterone
2778,Penfluridol
2779,Clopamide
2780,Fipexide
2781,Brodimoprim
2782,Dibunate
2783,Ketanserin
2784,Vinburnine
2785,Dimethoxanate
2786,Ethadione
2787,Favipiravir
2788,Iodocholesterol (131I)
2789,Demoxytocin
2790,Aluminium clofibrate
2791,Xamoterol
2792,Dixyrazine
2793,Dropropizine
2794,Imipramine oxide
2795,Acemetacin
2796,Chlorbenzoxamine
2797,Omadacycline
2798,Aluminium acetotartrate
2799,Magnesium orotate
2800,Rimegepant
2801,Tilidine
2802,Belotecan
2803,Copanlisib
2804,Acotiamide
2805,Promestriene
2806,Elobixibat
2807,Mirvetuximab soravtansine
2808,Levodropropizine
2809,Ibrexafungerp
2810,Lynestrenol
2811,Taurolidine
2812,Piribedil
2813,Zabofloxacin
2814,Glycyrrhizic acid
2815,Tetramethrin
2816,Obidoxime
2817,Iocarmic acid
2818,Peruvoside
2819,Cetiedil
2820,Mephenoxalone
2821,Fenpiverinium
2822,Epanolol
2823,Meclofenoxate
2824,Bemegride
2825,Ioglycamic acid
2826,Gemigliptin
2827,Piromidic acid
2828,Elcatonin
2829,Sodium aurotiosulfate
2830,Tidiacic arginine
2831,Magnesium gluconate
2832,Bioallethrin
2833,Anagliptin
2834,Trolamine
2835,Vinylbital
2836,Sulfamethoxypyridazine
2837,Rufloxacin
2838,Prenalterol
2839,Cefazedone
2840,Nadifloxacin
2841,Tertatolol
2842,Ibacitabine
2843,Guanoclor
2844,Dexrabeprazole
2845,Aurotioprol
2846,Niperotidine
2847,Lidoflazine
2848,Vorozole
2849,Monoxerutin
2850,Mercuric chloride
2851,Domiodol
2852,Trolnitrate
2853,Phenothrin
2854,Hydroquinine
2855,Tritoqualine
2856,Dixanthogen
2857,Dilazep
2858,Dibutylphthalate
2859,Quifenadine
2860,Xibornol
2861,Fenquizone
2862,Ciclonicate
2863,Eosin
2864,Sodium tartrate
2865,Ioglicic acid
2866,Pristinamycin
2867,Decamethoxine
2868,Gepefrine
2869,Nifurtoinol
2870,Penamecillin
2871,Bromperidol
2872,Methylpentynol
2873,Biphenylol
2874,Butamirate
2875,Cyclobarbital
2876,Remimazolam
2877,Camylofin
2878,Iobitridol
2879,Fenoxazoline
2880,Halometasone
2881,Camostat
2882,Pirprofen
2883,Meldonium
2884,Diphemanil
2885,Cypermethrin
2886,Sulfaguanidine
2887,Azapetine
2888,Nifuratel
2889,Terodiline
2890,Inclisiran
2891,Nefopam
2892,Evocalcet
2893,Siponimod
2894,Relebactam
2895,Polmacoxib
2896,Oxantel
2897,Sulbentine
2898,Cridanimod
2899,Metahexamide
2900,Dimethylaminopropionylphenothiazine
2901,Temocillin
2902,Bekanamycin
2903,Dihexyverine
2904,Dexchlorpheniramine
2905,Mosapramine
2906,Carboquone
2907,Propicillin
2908,Clofenamide
2909,Formocortal
2910,Niridazole
2911,Pegunigalsidase alfa
2912,Rucaparib
2913,Hexapropymate
2914,Cefozopran
2915,Ipidacrine
2916,Sutimlimab
2917,Carisbamate
2918,Tretoquinol
2919,Sulbenicillin
2920,Vinyl ether
2921,Acetyldigoxin
2922,Betrixaban
2923,Bromochlorosalicylanilide
2924,Ambazone
2925,Vestronidase alfa
2926,Distigmine
2927,Penthienate
2928,Ferrous carbonate
2929,Sulfathiourea
2930,Butalamine
2931,Cefpirome
2932,Naftazone
2933,Clometocillin
2934,Quinisocaine
2935,Imrecoxib
2936,Omoconazole
2937,Tacalcitol
2938,Niaprazine
2939,Enbucrilate
2940,Bibenzonium
2941,Methoserpidine
2942,Trastuzumab deruxtecan
2943,Somatrogon
2944,Pentifylline
2945,Doravirine
2946,Tiracizine
2947,Protiofate
2948,Mepartricin
2949,Cefbuperazone
2950,Ferrous tartrate
2951,Eltanolone
2952,Etanautine
2953,Margetuximab
2954,Tenitramine
2955,Potassium gluconate
2956,Mofebutazone
2957,Fabomotizole
2958,Methoxyphenamine
2959,Tetragalacturonic acid hydroxymethylester
2960,Oxolinic acid
2961,Ethyl hydroxybenzoate
2962,Carbuterol
2963,Aluminium glycinate
2964,Bunaftine
2965,Lorcainide
2966,Casimersen
2967,Aloglutamol
2968,Lorajmine
2969,Eberconazole
2970,Difamilast
2971,Radotinib
2972,Benorilate
2973,Enarodustat
2974,Nikethamide
2975,Cantharidin
2976,Umbralisib
2977,Tenonitrozole
2978,Metisazone
2979,Pridinol
2980,Abrocitinib
2981,Acetoxolone
2982,Dopexamine
2983,Ethacizine
2984,Loprazolam
2985,Chlorproguanil
2986,Methylthiouracil
2987,Voxelotor
2988,Proquazone
2989,Benzbromarone
2990,Semustine
2991,Alcuronium
2992,Mavacamten
2993,Rozanolixizumab
2994,Mirikizumab
2995,Ipriflavone
2996,Bornaprine
2997,Ticlatone
2998,Flumedroxone
2999,Chlormidazole
3000,Clorexolone
3001,Metizoline
3002,Mifamurtide
3003,Umifenovir
3004,Picloxydine
3005,Flurbiprofen axetil
3006,Tiocarlide
3007,Oxiracetam
3008,Promegestone
3009,Phenoperidine
3010,Phenazocine
3011,Pyrrolnitrin
3012,Guanazodine
3013,Gepirone
3014,Exatecan
3015,Nimorazole
3016,Faropenem
3017,Zolimidine
3018,Metopimazine
3019,Etamiphylline
3020,Fexinidazole
3021,Moroxydine
3022,Diethyl ether
3023,Brigatinib
3024,Almasilate
3025,Oxycinchophen
3026,Calcium pangamate
3027,Difetarsone
3028,Ferric (59Fe) citrate
3029,Mephenesin
3030,Succinylsulfathiazole
3031,Moxaverine
3032,Rociverine
3033,Metandienone
3034,Mesterolone
3035,Gallamine
3036,Vadadustat
3037,Naftidrofuryl
3038,Luspatercept
3039,Aducanumab
3040,Propiverine
3041,Polihexanide
3042,Bifemelane
3043,Oliceridine
3044,Canrenone
3045,Carumonam
3046,Moperone
3047,Cinchophen
3048,Trifluperidol
3049,Beclabuvir
3050,Thiopropazate
3051,Morclofone
3052,Sulfamazone
3053,Rimiterol
3054,Bevonium
3055,Mitobronitol
3056,Landiolol
3057,Isepamicin
3058,Iprazochrome
3059,Luseogliflozin
3060,Nizofenone
3061,Sulfatolamide
3062,Bergapten
3063,Ethenzamide
3064,Isobromindione
3065,Dibrompropamidine
3066,Cefiderocol
3067,4-dimethylaminophenol
3068,Pentamycin
3069,Emylcamate
3070,Polatuzumab vedotin
3071,Edaravone
3072,Bietaserpine
3073,Aluminium nicotinate
3074,Triclabendazole
3075,Acefylline
3076,Heptaminol
3077,Mepixanox
3078,Allobarbital
3079,Tulobuterol
3080,Metabutethamine
3081,Clobenzorex
3082,Bunazosin
3083,Zipeprol
3084,Vibegron
3085,Iguratimod
3086,Norgestrienone
3087,Bexagliflozin
3088,Diodone
3089,Estetrol
3090,Ferrous chloride
3091,Sequifenadine
3092,Desaspidin
3093,Ripretinib
3094,Buflomedil
3095,Cerium oxalate
3096,Tribromometacresol
3097,Pranoprofen
3098,Filgotinib
3099,Clebopride
3100,Clefamide
3101,Angiotensinamide
3102,Alginic acid
3103,Levomethadone
3104,Clodantoin
3105,Cloranolol
3106,Aloxiprin
3107,Budipine
3108,Tyrothricin
3109,Bendazac
3110,Carfecillin
3111,Poldine
3112,Cefetamet
3113,Emepronium
3114,Nicofetamide
3115,Cyclopenthiazide
3116,Mepindolol
3117,Broxyquinoline
3118,Methylestrenolone
3119,Brolucizumab
3120,Verdinexor
3121,Iodoxamic acid
3122,Gitoformate
3123,Guacetisal
3124,Metergoline
3125,Relatlimab
3126,Alipogene tiparvovec
3127,Propyphenazone
3128,Mebicar
3129,Veralipride
3130,Chlormadinone
3131,Proglumetacin
3132,Isatuximab
3133,Telotristat ethyl
3134,Naftopidil
3135,Adrenalone
3136,Emetine
3137,Eprozinol
3138,Oxyfedrine
3139,Prenoxdiazine
3140,Terguride
3141,Levoverbenone
3142,Diiodohydroxypropane
3143,Chlorproethazine
3144,Dihydroergocryptine
3145,Melitracen
3146,Hematin
3147,Epimestrol
3148,Iopydol
3149,Phenylmercuric nitrate
3150,Sodium feredetate
3151,Difemerine
3152,Oxitropium
3153,Anecortave
3154,Vesnarinone
3155,Gefarnate
3156,Letermovir
3157,Nalfurafine
3158,Cefodizime
3159,Antimony pentasulfide
3160,Gilteritinib
3161,Cyclofenil
3162,Furazidin
3163,Tipepidine
3164,Sodium apolate
3165,Diisopromine
3166,Menatetrenone
3167,Histapyrrodine
3168,Erdafitinib
3169,Meptazinol
3170,Ronifibrate
3171,Vinpocetine
3172,Bephenium
3173,Lorlatinib
3174,Cefcapene
3175,Ornipressin
3176,Oxetorone
3177,Deptropine
3178,Ciclobendazole
3179,Etybenzatropine
3180,Lanatoside C
3181,Phanquinone
3182,Cyclobutyrol
3183,Deutetrabenazine
3184,Policresulen
3185,Paraoxon
3186,Sarpogrelate
3187,Dimetofrine
3188,Valethamate
3189,Iprindole
3190,Cefsulodin
3191,Bucillamine
3192,Fluperolone
3193,Hidrosmin
3194,Tralokinumab
3195,Dimefline
3196,Tenidap
3197,Citicoline
3198,Quinbolone
3199,Etamsylate
3200,Magnesium peroxide
3201,Sulfametomidine
3202,Bencyclane
3203,Lentinan
3204,Dupilumab
3205,Bamipine
3206,Proglumide
3207,Cycloguanil
3208,Mebutizide
3209,Simfibrate
3210,Remdesivir
3211,Lonazolac
3212,Risankizumab
3213,Endralazine
3214,Fenticonazole
3215,Medazepam
3216,Droxypropine
3217,Fenpiprane
3218,Vaborbactam
3219,Prolintane
3220,Thiazinam
3221,Hydroxystilbamidine
3222,Nicofuranose
3223,Edoxudine
3224,Mecasermin rinfabate
3225,Clofenotane
3226,Ferric hydroxide
3227,Solriamfetol
3228,Flutrimazole
3229,Iobenzamic acid
3230,Tolonidine
3231,Tofersen
3232,Tioclomarol
3233,Xenon
3234,Cadralazine
3235,Phenibut
3236,Diroximel fumarate
3237,Cinepazide
3238,Nicomorphine
3239,Oxaflozane
3240,Pecilocin
3241,Sultamicillin
3242,Thebacon
3243,Citiolone
3244,Niceritrol
3245,Ioxitalamic acid
3246,Esatenolol
3247,Nepinalone
3248,Mazaticol
3249,Prethcamide
3250,Proxyphylline
3251,Brovanexine
3252,Larotrectinib
3253,Emapalumab
3254,Cefamandole nafate
3255,Bentazepam
3256,Elapegademase
3257,Luteinizing hormone
3258,Lofepramine
3259,Guanoxabenz
3260,Hyaluronidase
3261,Phenglutarimide
3262,Pirisudanol
3263,Pentetrazol
3264,Fenyramidol
3265,Morinamide
3266,Sulbutiamine
3267,Troxipide
3268,Moxestrol
3269,Calaspargase pegol
3270,Tagraxofusp
3271,Linsidomine
3272,Rokitamycin
3273,Acetylglycinamide chloral hydrate
3274,Metildigoxin
3275,Oxypertine
3276,Ceftobiprole medocaril
3277,Carbutamide
3278,Turoctocog alfa pegol
3279,Mefruside
3280,Nifenazone
3281,Cemiplimab
3282,Sultopride
3283,Meladrazine
3284,Clorindione
3285,Micronomicin
3286,Benziodarone
3287,Idanpramine
3288,Carbocromen
3289,Bucetin
3290,Dibekacin
3291,Aceclidine
3292,Sitafloxacin
3293,Penimepicycline
3294,Cefatrizine
3295,Hexobendine
3296,Acetarsol
3297,Ritiometan
3298,Lanadelumab
3299,Dichlorobenzyl alcohol
3300,Atracurium
3301,Azidamfenicol
3302,Idrocilamide
3303,Propamidine
3304,Sulglicotide
3305,Alsactide
3306,Cloridarol
3307,Olaflur
3308,Pimethixene
3309,Meticrane
3310,Bumadizone
3311,Etilamfetamine
3312,Tromantadine
3313,Miocamycin
3314,Rimazolium
3315,Aluminium acetoacetate
3316,Azanidazole
3317,Deanol
3318,Tecovirimat
3319,Piperidolate
3320,Benralizumab
3321,Phenprobamate
3322,Viminol
3323,Mesulfen
3324,Visnadine
3325,Cibenzoline
3326,Voxilaprevir
3327,Styramate
3328,Broxuridine
3329,Magnesium aspartate
3330,Fostamatinib
3331,Fenozolone
3332,Suloctidil
3333,Tioxolone
3334,Cinepazet
3335,Ozoralizumab
3336,Dihydroergocristine
3337,Mercuric amidochloride
3338,Estramustine phosphate
3339,Ponesimod
3340,Diphenadione
3341,Quingestanol acetate
3342,Alpelisib
3343,Bufexamac
3344,Talastine
3345,Gestonorone caproate
3346,Ozagrel
3347,Tiadenol
3348,Norethindrone enanthate
3349,Calcium alginate
3350,Difenpiramide
3351,Vincamine
3352,Succinimide
3353,Norfenefrine
3354,Vinbarbital
3355,Bromisoval
3356,Chiniofon
3357,Trimethyldiphenylpropylamine
3358,Tolciclate
3359,Oxaceprol
3360,Pheneturide
3361,Calcium lactate gluconate
3362,Feprazone
3363,Cloricromen
3364,Sarecycline
3365,Hydrochloric acid
3366,Motretinide
3367,Chloroprednisone
3368,Ormeloxifene
3369,Lypressin
3370,Methylprednisolone aceponate
3371,Delapril
3372,Isoflupredone acetate
3373,Clorotepine
3374,Trepibutone
3375,Desoxycortone
3376,Alminoprofen
3377,Melevodopa
3378,Parathiazine
3379,Ibopamine
3380,Sulfametrole
3381,Sobrerol
3382,Tetroxoprim
3383,Demecolcine
3384,Flunoxaprofen
3385,Homochlorcyclizine
3386,Propenidazole
3387,Dexamethasone acetate
3388,Prednisolone tebutate
3389,Epicillin
3390,Febarbamate
3391,Hachimycin
3392,Tolpropamine
3393,Triaziquone
3394,Fluprednidene acetate
3395,Naxitamab
3396,Proscillaridin
3397,Boldenone undecylenate
3398,Chlorquinaldol
3399,Benproperine
3400,Butropium
3401,Oxametacin
3402,Diloxanide furoate
3403,Trenbolone acetate
3404,Loperamide oxide
3405,Sulfogaiacol
3406,Amezinium metilsulfate
3407,Abemaciclib
3408,Dibutylsuccinate
3409,Pyrithyldione
3410,Mannosulfan
3411,Efloxate
3412,Dimethylphthalate
3413,Pinazepam
3414,Betamethasone phosphate
3415,Flurithromycin
3416,Pheneticillin
3417,Etoglucid
3418,Levocarnitine propionate
3419,Methiodal
3420,Clostebol acetate
3421,Sulfaperin
3422,Bisoxatin acetate
3423,Trichloroethylene
3424,Berotralstat
3425,Nifurzide
3426,Paramethasone acetate
3427,Tetrazepam
3428,Chloramphenicol palmitate
3429,Picotamide
3430,Drostanolone propionate
3431,Euflavine
3432,Chlorphenesin carbamate
3433,Guaiazulen
3434,Butanilicaine
3435,Melengestrol acetate
3436,Carbaryl
3437,Clemizole
3438,Lumasiran
3439,Tocopheryl nicotinate
3440,Teprenone
3441,Strychnine
3442,Tripamide
3443,Imdevimab
3444,Casirivimab
3445,Pirenoxine
3446,Haletazole
3447,Piroctone
3448,Pitofenone
3449,Diquafosol
3450,Escin
3451,Odesivimab
3452,Fepradinol
3453,Ethacridine
3454,Phosphocreatine
3455,Oxabolone cipionate
3456,Gluconic Acid
3457,Levomenol
3458,Inosine pranobex
3459,Ferrous gluconate
3460,Ferrous succinate
3461,Zinc acetate
3462,Bezlotoxumab
3463,Methallenestril
3464,Lenograstim
3465,Fluciclovine (18F)
3466,Cerliponase alfa
3467,Inositol
3468,Troleandomycin
3469,Plecanatide
3470,Ripasudil
3471,Olmutinib
3472,Alclofenac
3473,Potassium sulfate
3474,Zofenopril
3475,Nandrolone
3476,Potassium acetate
3477,Ferrous fumarate
3478,Nusinersen
3479,Alphaprodine
3480,Ferrous ascorbate
3481,Andexanet alfa
3482,Calcium lactate
3483,Gestonorone
3484,Suxibuzone
3485,Etesevimab
3486,Propanidid
3487,Clofoctol
3488,Stibophen
3489,Neltenexine
3490,Atoltivimab
3491,Tuaminoheptane
3492,Ivosidenib
3493,Maftivimab
3494,Sulfamethylthiazole
3495,Ferrous aspartate
3496,Dermatan sulfate
3497,Tilbroquinol
3498,Piperidione
3499,Acetylleucine
3500,Dibenzepin
3501,Flosequinan
3502,Tribenoside
3503,Pipethanate
3504,Octopamine
3505,Proxibarbal
3506,Tropatepine
3507,Patisiran
3508,Prifinium
3509,Lecanemab
3510,Ethyl chloride
3511,Etofamide
3512,Cymarin
3513,Bucladesine
3514,Aminomethylbenzoic acid
3515,Tiazofurine
3516,Quinupramine
3517,Thiram
3518,Phthalylsulfathiazole
3519,Pramiracetam
3520,Magnesium silicate
3521,Magnesium levulinate
3522,Magnesium lactate
3523,Mometasone furoate
3524,Aluminum acetate
3525,Aluminium phosphate
3526,Hydrocortisone butyrate
3527,Guanoxan
3528,Hydrocortisone probutate
3529,Agalsidase alfa
3530,Sodium chlorite
3531,Hydrocortisone valerate
3532,Butaperazine
3533,Hydrocortisone cypionate
3534,Phenolsulfonphthalein
3535,Hydrocortisone phosphate
3536,Sulfobromophthalein
3537,Sulfadicramide
3538,Fentiazac
3539,Hydrocortisone succinate
3540,Oxolamine
3541,Medifoxamine
3542,Mandelic acid
3543,Lipegfilgrastim
3544,Zinc chloride
3545,Piprozolin
3546,Bamifylline
3547,Bamethan
3548,Teclozan
3549,Prednylidene
3550,Arginine glutamate
3551,Hydrocortisone aceponate
3552,Bismuth subnitrate
3553,Hydrocortisone acetate
3554,Lithium carbonate
3555,Lithium citrate
3556,Lithium succinate
3557,Sodium borate
3558,Pralsetinib
3559,Macimorelin
3560,Creatinolfosfate
3561,Tramazoline
3562,Nimustine
3563,Valnoctamide
3564,Tiropramide
3565,Meclocycline
3566,Enoxolone
3567,Nefiracetam
3568,Pyritinol
3569,Ramatroban
3570,Aminaphthone
3571,Zavegepant
3572,Ornidazole
3573,Selpercatinib
3574,Tiapride
3575,Biapenem
3576,Oteseconazole
3577,Irsogladine
3578,Tirilazad
3579,Fenoverine
3580,Gossypol
3581,Algestone acetophenide
3582,Amitriptylinoxide
3583,Mebrofenin
3584,Saroglitazar
3585,Benzyl nicotinate
3586,Satralizumab
3587,Retifanlimab
3588,Artemisinin
3589,Fluindione
3590,Adiphenine
3591,Mecloxamine
3592,Levosalbutamol
3593,Pargeverine
3594,Lusutrombopag
3595,Troxerutin
3596,Myrtecaine
3597,Trimegestone
3598,Sizofiran
3599,Belantamab mafodotin
3600,Bamlanivimab
3601,Padeliporfin
3602,Valoctocogene roxaparvovec
3603,Prednisolone acetate
3604,Adagrasib
3605,Sotorasib
3606,Aminopromazine
3607,Golodirsen
3608,Brilliant blue G
3609,Ferric maltol
3610,Climbazole
3611,Molidustat
3612,Lenacapavir
3613,Molnupiravir
3614,Tinoridine
3615,Cortivazol
3616,Fezolinetant
3617,Enfortumab vedotin
3618,Ferric derisomaltose
3619,Pabinafusp alfa
3620,Spesolimab
3621,Dostarlimab
3622,Elagolix
3623,Anifrolumab
3624,Glasdegib
3625,Dacomitinib
3626,Ilaprazole
3627,Binimetinib
3628,Omarigliptin
3629,Diacerein
3630,Thymopentin
3631,Avatrombopag
3632,Sorivudine
3633,Entrectinib
3634,Benznidazole
3635,Ocrelizumab
3636,Bempedoic acid
3637,Flomoxef
3638,Difelikefalin
3639,Abametapir
3640,Vaniprevir
3641,Vosoritide
3642,Deflazacort
3643,Teneligliptin
3644,Duvelisib
3645,Lemborexant
3646,Delafloxacin
3647,Selinexor
3648,Avelumab
3649,Zuranolone
3650,Oxazolam
3651,Mexazolam
3652,Oxidronic acid
3653,Aripiprazole lauroxil
3654,Valbenazine
3655,Propylparaben
3656,Diazolidinylurea
3657,Apalutamide
3658,Vericiguat
3659,Tenofovir
3660,Nadide
3661,Trilaciclib
3662,Elexacaftor
3663,Belzutifan
3664,Onasemnogene abeparvovec
3665,Methylparaben
3666,Brexanolone
3667,Ublituximab
3668,Relugolix
3669,Revefenacin
3670,Astodrimer
3671,Angiotensin II
3672,Alanyl glutamine
3673,Romosozumab
3674,Cianidanol
3675,Betiatide
3676,Baricitinib
3677,Talaporfin
3678,Tivozanib
3679,Osilodrostat
3680,Guselkumab
3681,Cobalamin
3682,Mirogabalin
3683,Neratinib
3684,Ertugliflozin
3685,Ruboxistaurin
3686,Nifurtimox
3687,Tofogliflozin
3688,Esketamine
3689,Hopantenic acid
3690,Galcanezumab
3691,Palmidrol
3692,Sodium zirconium cyclosilicate
3693,Eptinezumab
3694,Fremanezumab
3695,Tretamine
3696,Erenumab
3697,Lomerizine
3698,Dexniguldipine
3699,Hycanthone
3700,Teceleukin
3701,Tildrakizumab
3702,alpha-Tocopherol acetate
3703,Pentetic acid
3704,Trelagliptin
3705,Ubrogepant
3706,Evinacumab
3707,Benzoin
3708,Xanomeline
3709,Clinafloxacin
3710,Nordazepam
3711,Nabiximols
3712,Burosumab
3713,Fosnetupitant
3714,Pafolacianine
3715,Mosunetuzumab
3716,Linoleic acid
3717,Prulifloxacin
3718,Infigratinib
3719,Rilmenidine
3720,Icotinib
3721,Vonoprazan
3722,Ribociclib
3723,Lasmiditan
3724,Galactose
3725,Cabotegravir
3726,Rifamycin
3727,Istradefylline
3728,Benfotiamine
3729,Ebastine
3730,Epalrestat
3731,Tebentafusp
3732,Encorafenib
3733,Tezacaftor
3734,Durvalumab
3735,Iomeprol
3736,Peficitinib
3737,Amenamevir
3738,Setmelanotide
3739,Acalabrutinib
3740,Nemolizumab
3741,Imlifidase
3742,Bulevirtide
3743,Efgartigimod alfa
3744,Crizanlizumab
3745,Pemafibrate
3746,Pozelimab
3747,Esaxerenone
3748,Capromorelin
3749,Avapritinib
3750,Dasiglucagon
3751,Faricimab
3752,Hydroquinidine
3753,Risdiplam
3754,Talinolol
3755,Tremelimumab
3756,Pazufloxacin
3757,Brodalumab
3758,Tenapanor
3759,Sarilumab
3760,Mirodenafil
3761,Capmatinib
3762,Niraparib
3763,Fostemsavir
3764,Bictegravir
3765,Imidapril
3766,Disufenton
3767,Bisantrene
3768,Arcitumomab
3769,Diaziquone
3770,Spiperone
3771,Gadopiclenol
3772,Linzagolix
3773,Eladocagene exuparvovec
3774,Tosufloxacin
3775,Ibuprofen piconol
3776,Olanexidine
3777,Ampiroxicam
3778,Cepharanthine
3779,Tebipenem pivoxil
3780,Olprinone
3781,Fadrozole
3782,Azasetron
3783,Amivantamab
3784,Pegcetacoplan
3785,Vutrisiran
3786,Nirmatrelvir
3787,Deucravacitinib
3788,Teclistamab
3789,Foslevodopa
3790,Epcoritamab
3791,Talquetamab
3792,Tisotumab vedotin
3793,Durlobactam
3794,Belumosudil
3795,Famprofazone
3796,Cipaglucosidase alfa
3797,Birch bark extract
3798,Furaltadone
3799,Melphalan flufenamide
3800,Thallous chloride Tl-201
3801,Serdexmethylphenidate
3802,Fosdenopterin